{"cameraMode":{"drawMode":0,"name":"Shaded","section":"Shading Mode"},"sceneLighting":true,"audioPlay":false,"sceneViewState":{"m_AlwaysRefresh":false,"showFog":true,"showSkybox":true,"showFlares":true,"showImageEffects":true,"showParticleSystems":true,"showVisualEffectGraphs":true,"m_FxEnabled":true},"in2DMode":false,"pivot":{"x":0.3001173436641693,"y":-0.3379501700401306,"z":0.18953105807304383},"rotation":{"x":-0.1358901560306549,"y":-0.738760769367218,"z":0.15654216706752778,"w":-0.6412996649742127},"size":2.1073949337005617,"orthographic":false}