{"cameraMode":{"drawMode":0,"name":"Shaded","section":"Shading Mode"},"sceneLighting":true,"audioPlay":false,"sceneViewState":{"m_AlwaysRefresh":false,"showFog":true,"showSkybox":true,"showFlares":true,"showImageEffects":true,"showParticleSystems":true,"showVisualEffectGraphs":true,"m_FxEnabled":false},"in2DMode":false,"pivot":{"x":0.3751779794692993,"y":0.750255286693573,"z":1.8992588520050049},"rotation":{"x":0.01712876744568348,"y":-0.9776329398155212,"z":0.19036085903644563,"w":0.08796609193086624},"size":0.02423807978630066,"orthographic":false}